,Name,City,State,Number of Undergraduate Students,Share of Female Students,Share of Male Students,Share of Undergraduates Aged 25 and Above,Average Age of Entry,Admission Rate,Completion Rate,Median Earnings of Students 10 Years After Entry,Median Family Income,Average Cost of Attendance,Average Faculty Salary,Net Tuition Revenue per Student
0,University of Phoenix-Arizona,Tempe,AZ,77269,0.6972811618,0.3027188382,0.8601,32.0,,0.1433,47100.0,18602.0,20083.0,4485.0,13180
1,Southern New Hampshire University,Manchester,NH,68214,0.6766710402,0.3233289598,0.7502,31.0,0.7805,0.488,45400.0,27192.0,49005.0,8012.0,10531
2,University of Central Florida,Orlando,FL,56366,0.5891445164,0.4108554836,0.1791,23.0,0.499,0.7001,45400.0,31400.0,20950.0,9881.0,5720
3,Texas A & M University-College Station,College Station,TX,52568,0.5116777884,0.4883222116,0.0297,20.0,0.7054,0.821,58000.0,58904.0,28143.0,11165.0,10518
4,Grand Canyon University,Phoenix,AZ,48666,0.743284234,0.256715766,0.5772,31.0,0.6692,0.4075,52700.0,29879.0,31051.0,6482.0,10977
5,Liberty University,Lynchburg,VA,45364,0.6439648587,0.3560351413,0.5506,30.0,0.2979,0.4697,36700.0,31696.0,37388.0,5682.0,11353
6,Ohio State University-Main Campus,Columbus,OH,44853,0.5203439089,0.47965609109999996,0.0741,20.0,0.4806,0.8264,46100.0,64713.0,25498.0,12153.0,15068
7,University of Maryland-University College,Adelphi,MD,42289,0.5443589096,0.4556410904,0.7566,29.0,,0.0881,51200.0,30322.0,18719.0,6279.0,8545
8,Arizona State University-Tempe,Tempe,AZ,42181,0.5568306611,0.4431693389,0.1063,24.0,0.8415,0.6335,47700.0,35851.0,24353.0,11348.0,18995
9,Florida International University,Miami,FL,41834,0.6069360848,0.39306391519999995,0.2369,23.0,0.5407,0.5662,46300.0,23924.0,19055.0,10225.0,6406
10,Pennsylvania State University-Main Campus,University Park,PA,40553,0.5012260053,0.49877399469999995,0.0186,21.0,0.5031,0.8481,50100.0,61924.0,35518.0,11211.0,27265
11,The University of Texas at Austin,Austin,TX,39965,0.5606045134,0.43939548660000005,0.0341,20.0,0.3649,0.8285,58200.0,53018.0,24933.0,12476.0,10026
12,Michigan State University,East Lansing,MI,38770,0.5534790109,0.44652098910000004,0.0295,19.0,0.7155,0.7934,53600.0,70982.0,27006.0,11705.0,18994
13,University of Houston,Houston,TX,35985,0.5257100149,0.4742899851,0.1642,22.0,0.6111,0.5368,51600.0,33197.0,24678.0,11419.0,10427
14,California State University-Northridge,Northridge,CA,35620,0.5794554799,0.4205445201,0.2046,22.0,0.5765,0.5127,45400.0,22839.0,15960.0,9744.0,5271
15,Rutgers University-New Brunswick,New Brunswick,NJ,35296,0.5539444444,0.4460555556,0.0762,21.0,0.578,0.8007,57900.0,43359.0,29550.0,11822.0,13487
16,California State University-Fullerton,Fullerton,CA,35045,0.5980079371,0.4019920629,0.1948,22.0,0.4572,0.6624,47200.0,28124.0,17529.0,9747.0,5693
17,Texas State University,San Marcos,TX,34180,0.6008479288,0.39915207119999996,0.1138,21.0,0.7298,0.5394,45700.0,42889.0,21383.0,7960.0,8234
18,University of Florida,Gainesville,FL,33655,0.5937902879,0.4062097121,0.0388,21.0,0.4201,0.8803,56000.0,39127.0,21164.0,11746.0,8834
19,University of Arizona,Tucson,AZ,33428,0.5628539071,0.43714609289999995,0.0913,21.0,0.8358,0.6361,47300.0,43043.0,26080.0,10928.0,15765
20,Indiana University-Bloomington,Bloomington,IN,33104,0.5315707274,0.4684292726,0.0231,19.0,0.7601,0.7733,47700.0,75001.0,24739.0,10390.0,17398
21,The University of Texas at Arlington,Arlington,TX,32955,0.6641992791,0.3358007209,0.4695,27.0,0.7122,0.4998,48700.0,36453.0,21154.0,9371.0,7432
22,University of Illinois at Urbana-Champaign,Champaign,IL,32884,0.4948371724,0.5051628276,0.0168,19.0,0.6153,0.8503,61500.0,62485.0,30064.0,12166.0,14814
23,Florida State University,Tallahassee,FL,32614,0.5844654153,0.41553458470000004,0.0483,20.0,0.4919,0.8017,46400.0,43729.0,22426.0,10893.0,6237
24,The University of Alabama,Tuscaloosa,AL,32387,0.6152524168,0.3847475832,0.0725,21.0,0.533,0.6787,44500.0,66733.0,28836.0,10016.0,13574
25,Kennesaw State University,Kennesaw,GA,32309,0.4741253897,0.5258746103,0.1951,22.0,0.6063,0.4174,,43182.0,23919.0,7099.0,6409
26,Purdue University-Main Campus,West Lafayette,IN,31887,0.4732072498,0.5267927502,0.0382,19.0,0.5747,0.7836,55100.0,81833.0,22718.0,12150.0,16418
27,University of Minnesota-Twin Cities,Minneapolis,MN,31535,0.5593906672,0.44060933280000003,0.0856,20.0,0.4959,0.801,51900.0,76028.0,25790.0,11759.0,13355
28,University of North Texas,Denton,TX,31448,0.5485318429,0.4514681571,0.1543,22.0,0.7241,0.5431,45000.0,40028.0,21907.0,10813.0,9511
29,California State University-Long Beach,Long Beach,CA,31402,0.5901544561,0.40984554390000005,0.1742,22.0,0.2799,0.6874,48100.0,26465.0,18104.0,9865.0,4920
30,Brigham Young University-Provo,Provo,UT,31233,0.4795278495,0.5204721505000001,0.1195,21.0,0.524,0.827,59700.0,46790.0,17801.0,10712.0,5755
31,Ashford University,San Diego,CA,31046,0.7799183785,0.2200816215,0.8758,33.0,,0.0765,41200.0,17066.0,23057.0,6401.0,13062
32,University of California-Los Angeles,Los Angeles,CA,30994,0.6031569586,0.39684304140000004,0.0488,21.0,0.161,0.9087,60700.0,32613.0,33751.0,17629.0,18313
33,University of South Florida-Main Campus,Tampa,FL,30918,0.605735746,0.394264254,0.1854,22.0,0.4536,0.7092,43500.0,32495.0,19868.0,10030.0,7059
34,University of California-Berkeley,Berkeley,CA,30574,0.5464962539,0.4535037461,0.0552,21.0,0.1711,0.9107,64700.0,31227.0,36172.0,16679.0,20277
35,Texas Tech University,Lubbock,TX,30330,0.4967522425,0.5032477575000001,0.0949,21.0,0.6918,0.5928,51400.0,51321.0,22615.0,8928.0,9263
36,University of Washington-Seattle Campus,Seattle,WA,30295,0.5746355424,0.42536445759999997,0.0816,22.0,0.4642,0.8439,57700.0,39205.0,25360.0,12625.0,17222
37,Iowa State University,Ames,IA,30116,0.4624236966,0.5375763034000001,0.0449,20.0,0.8934,0.7343,50700.0,76488.0,19878.0,10857.0,10357
38,University of California-Davis,Davis,CA,30046,0.6267241379,0.37327586209999997,0.0603,21.0,0.4336,0.8519,58200.0,33783.0,34435.0,14048.0,15911
39,University of Wisconsin-Madison,Madison,WI,29930,0.5311327832,0.4688672168,0.0449,20.0,0.5381,0.8723,56200.0,92428.0,25121.0,11908.0,13132
40,San Diego State University,San Diego,CA,29781,0.5842020419,0.4157979581,0.1359,22.0,0.3542,0.7424,51000.0,32530.0,21051.0,10605.0,6887
41,University of Michigan-Ann Arbor,Ann Arbor,MI,29550,0.5349348406,0.46506515940000004,0.0159,20.0,0.265,0.9159,63400.0,65045.0,28652.0,11258.0,23581
42,University of California-Irvine,Irvine,CA,29295,0.5660897365,0.43391026349999995,0.0464,20.0,0.3651,0.8488,58400.0,34735.0,31976.0,14989.0,15149
43,University of Maryland-College Park,College Park,MD,29273,0.508934661,0.49106533900000005,0.0643,20.0,0.445,0.8529,62900.0,67353.0,25701.0,13017.0,14270
44,Temple University,Philadelphia,PA,29037,0.550251859,0.44974814100000005,0.1046,21.0,0.5667,0.7102,50500.0,59850.0,31599.0,10798.0,22122
45,University of Georgia,Athens,GA,28740,0.5743758213,0.4256241787,0.0286,20.0,0.5401,0.8527,50500.0,64178.0,26022.0,11126.0,12088
46,University of California-San Diego,La Jolla,CA,28577,0.5198560768,0.4801439232,0.0562,20.0,0.3399,0.8452,59900.0,35914.0,31794.0,14740.0,17287
47,University of Colorado Boulder,Boulder,CO,28565,0.4815162907,0.5184837093,0.0575,20.0,0.7984,0.6881,50800.0,70221.0,29215.0,8487.0,19631
48,California State University-Sacramento,Sacramento,CA,28410,0.5933941764,0.40660582359999997,0.2271,23.0,0.6776,0.4807,48900.0,27217.0,18989.0,9477.0,5078
49,San Jose State University,San Jose,CA,27591,0.521976626,0.47802337399999995,0.1787,22.0,0.6688,0.5675,56100.0,29408.0,23030.0,10325.0,7511
50,Utah Valley University,Orem,UT,27428,0.47188775,0.52811225,0.2421,23.0,,0.298,43800.0,31983.0,13138.0,7897.0,5150
51,Virginia Polytechnic Institute and State University,Blacksburg,VA,27120,0.4649326521,0.5350673479,0.0209,19.0,0.7006,0.844,62500.0,89378.0,25762.0,11374.0,13777
52,Northern Arizona University,Flagstaff,AZ,26974,0.6385814497,0.36141855030000003,0.1949,24.0,0.8085,0.5529,40100.0,41212.0,26314.0,8239.0,8015
53,New York University,New York,NY,26055,0.6113892365,0.3886107635,0.0445,20.0,0.2766,0.8354,61900.0,51965.0,67865.0,13719.0,35390
54,San Francisco State University,San Francisco,CA,25966,0.5840236686,0.4159763314,0.1843,22.0,0.7046,0.5359,49200.0,27895.0,22313.0,10411.0,5230
55,The University of Texas at San Antonio,San Antonio,TX,25709,0.5416743841,0.4583256159,0.1534,21.0,0.7946,0.3666,45300.0,36359.0,19906.0,9261.0,7672
56,University of South Carolina-Columbia,Columbia,SC,25550,0.5560063937,0.44399360629999995,0.0557,20.0,0.7231,0.7502,44900.0,74190.0,26079.0,10697.0,13184
57,University of Cincinnati-Main Campus,Cincinnati,OH,25523,0.5598467922,0.4401532078,0.1235,22.0,0.7649,0.6886,42300.0,57821.0,26829.0,9708.0,13004
58,Georgia State University,Atlanta,GA,25031,0.6300794494,0.36992055059999995,0.1827,23.0,0.6985,0.5347,43300.0,27922.0,24857.0,8775.0,7672
59,Oregon State University,Corvallis,OR,24921,0.5083557321,0.49164426790000004,0.2167,23.0,0.7884,0.6534,49600.0,44450.0,26121.0,9735.0,11691
60,Washington State University,Pullman,WA,24797,0.5742963356,0.42570366439999996,0.1569,22.0,0.7306,0.6244,50600.0,44850.0,25433.0,9792.0,10066
61,University of Nevada-Las Vegas,Las Vegas,NV,24783,0.5966262878,0.40337371219999996,0.2334,22.0,0.8107,0.4157,45000.0,34261.0,16964.0,10544.0,7181
62,California State University-Los Angeles,Los Angeles,CA,24780,0.6057798555,0.3942201445,0.2519,23.0,0.4645,0.4713,46100.0,22032.0,13612.0,9575.0,3898
63,George Mason University,Fairfax,VA,24395,0.557201846,0.442798154,0.2022,22.0,0.8132,0.7086,59900.0,44254.0,25196.0,11045.0,11746
64,Arizona State University-Skysong,Scottsdale,AZ,24244,0.5568306611,0.4431693389,0.6429,24.0,0.6342,0.1389,47700.0,35851.0,21570.0,8577.0,3477
65,California State Polytechnic University-Pomona,Pomona,CA,24205,0.4947096457,0.5052903543,0.1651,22.0,0.5507,0.6593,54000.0,29032.0,21137.0,10273.0,4875
66,The University of Texas Rio Grande Valley,Edinburg,TX,24142,0.5758743754,0.42412562460000003,0.1634,22.0,0.8048,0.4481,41900.0,21058.0,13401.0,7573.0,4479
67,Colorado State University-Fort Collins,Fort Collins,CO,23804,0.5496754868,0.4503245132,0.1031,21.0,0.8262,0.686,47100.0,63463.0,24290.0,9688.0,15189
68,Florida Atlantic University,Boca Raton,FL,23748,0.6122837041,0.3877162959,0.2374,23.0,0.6001,0.512,43200.0,28064.0,18593.0,8999.0,6197
69,University of North Carolina at Charlotte,Charlotte,NC,23622,0.5223081499,0.47769185010000004,0.1474,22.0,0.6584,0.5398,44000.0,44089.0,21882.0,9615.0,8060
70,University of Missouri-Columbia,Columbia,MO,23455,0.5432424917,0.45675750829999995,0.0392,20.0,0.7809,0.6823,48300.0,76951.0,25656.0,9334.0,11279
71,University of Utah,Salt Lake City,UT,23402,0.5055296857,0.4944703143,0.2319,23.0,0.6615,0.674,53000.0,38625.0,19406.0,9781.0,11482
72,Auburn University,Auburn,AL,23391,0.531504671,0.468495329,0.0377,20.0,0.8393,0.7658,48800.0,72031.0,30458.0,10137.0,15479
73,University of Iowa,Iowa City,IA,23349,0.5623043206,0.4376956794,0.0759,20.0,0.8604,0.7354,51900.0,72993.0,21875.0,11124.0,13700
74,Louisiana State University and Agricultural & Mechanical College,Baton Rouge,LA,23331,0.5727889193,0.4272110807,0.0496,20.0,0.7392,0.6665,50100.0,55214.0,27612.0,9922.0,11816
75,University of Massachusetts-Amherst,Amherst,MA,23010,0.515474436,0.484525564,0.0776,21.0,0.5758,0.7718,51400.0,74291.0,29172.0,12386.0,12740
76,Ohio University-Main Campus,Athens,OH,22936,0.634900623,0.36509937699999995,0.2397,23.0,0.7393,0.6408,40500.0,58609.0,26233.0,8978.0,11250
77,North Carolina State University at Raleigh,Raleigh,NC,22801,0.4999182873,0.5000817127,0.0751,20.0,0.5136,0.7864,52500.0,64900.0,22844.0,10808.0,10308
78,University of Arkansas,Fayetteville,AR,22763,0.5588193956,0.44118060439999995,0.0858,21.0,0.6596,0.6152,44900.0,64201.0,22122.0,9671.0,9281
79,East Carolina University,Greenville,NC,22598,0.5933969508,0.4066030492,0.1452,21.0,0.7902,0.6214,40500.0,51027.0,21102.0,8754.0,7422
80,Kent State University at Kent,Kent,OH,22403,0.6364963504,0.36350364960000003,0.1101,21.0,0.8751,0.577,38000.0,50411.0,24064.0,8972.0,9987
81,Virginia Commonwealth University,Richmond,VA,22393,0.6243783971,0.3756216029,0.1326,21.0,0.839,0.6255,44000.0,51128.0,29339.0,9138.0,11950
82,University of California-Santa Barbara,Santa Barbara,CA,22181,0.5778541309,0.42214586909999996,0.0293,20.0,0.3281,0.8149,55300.0,36166.0,34990.0,15263.0,14893
83,The University of Tennessee-Knoxville,Knoxville,TN,22151,0.5301943394,0.46980566059999995,0.0641,20.0,0.7697,0.7023,45100.0,54206.0,30226.0,10893.0,11570
84,Colorado Technical University-Colorado Springs,Colorado Springs,CO,22129,0.6500040674,0.34999593259999995,0.8713,33.0,,0.2553,42200.0,14687.0,23812.0,7496.0,14061
85,University of Kentucky,Lexington,KY,22078,0.5687747036,0.43122529639999996,0.0671,20.0,0.9577,0.6505,45100.0,61931.0,27215.0,10644.0,12543
86,California State University-Fresno,Fresno,CA,21877,0.6211972522,0.3788027478,0.1557,22.0,0.5941,0.556,44700.0,27059.0,16205.0,9208.0,3860
87,Grand Valley State University,Allendale,MI,21837,0.6112349009,0.3887650991,0.0777,20.0,0.809,0.6526,42800.0,63788.0,22276.0,6867.0,11481
88,West Virginia University,Morgantown,WV,21703,0.5012559027,0.4987440973,0.0557,20.0,0.719,0.5676,45800.0,60096.0,20702.0,9761.0,13260
89,University of Oklahoma-Norman Campus,Norman,OK,21536,0.5573545135,0.4426454865,0.1014,22.0,0.74,0.6727,51100.0,50976.0,27205.0,9475.0,12648
90,Utah State University,Logan,UT,21473,0.5495908753,0.45040912470000005,0.1853,23.0,0.8908,0.4978,43200.0,42950.0,17671.0,9058.0,6286
91,California Polytechnic State University-San Luis Obispo,San Luis Obispo,CA,21303,0.5029626253,0.4970373747,0.0284,20.0,0.3461,0.7914,66900.0,74513.0,25960.0,10006.0,8972
92,The University of Texas at El Paso,El Paso,TX,21216,0.5511453605,0.44885463950000004,0.2318,22.0,1.0,0.4064,40000.0,23733.0,16033.0,8902.0,5847
93,University of Nebraska-Lincoln,Lincoln,NE,20954,0.5250610369,0.47493896309999994,0.0501,20.0,0.6438,0.6795,46400.0,71878.0,23278.0,10762.0,9764
94,Indiana University-Purdue University-Indianapolis,Indianapolis,IN,20870,0.609940853,0.390059147,0.1877,22.0,0.7965,0.4499,42500.0,45002.0,20352.0,8369.0,11325
95,Oklahoma State University-Main Campus,Stillwater,OK,20743,0.5257599543,0.4742400457,0.1008,21.0,0.7428,0.6199,46500.0,48983.0,22868.0,8930.0,10258
96,University at Buffalo,Buffalo,NY,20735,0.427613941,0.5723860590000001,0.0674,20.0,0.5734,0.7528,52600.0,46678.0,24198.0,10140.0,10081
97,University of California-Riverside,Riverside,CA,20044,0.5768869034,0.42311309659999996,0.0457,20.0,0.5723,0.7505,49700.0,35809.0,32308.0,12934.0,12938
98,James Madison University,Harrisonburg,VA,19666,0.6132253203,0.3867746797,0.0287,20.0,0.752,0.8258,56600.0,92165.0,24750.0,8772.0,9935
99,University of Wisconsin-Milwaukee,Milwaukee,WI,19436,0.56415828,0.43584172,0.2051,22.0,0.7248,0.4148,44200.0,50518.0,21701.0,8426.0,8765
100,Towson University,Towson,MD,19367,0.6269697392,0.3730302608,0.1145,21.0,0.773,0.7172,50800.0,59362.0,23929.0,7339.0,6901
101,Old Dominion University,Norfolk,VA,19364,0.6019766397,0.39802336029999996,0.2669,23.0,0.8572,0.544,43700.0,38019.0,23250.0,8400.0,7203
102,Clemson University,Clemson,SC,19172,0.5037093399,0.4962906601,0.0356,20.0,0.4718,0.821,52400.0,78377.0,28545.0,10255.0,16723
103,University of Oregon,Eugene,OR,19163,0.581754386,0.41824561400000004,0.0685,21.0,0.8281,0.72,44800.0,51607.0,24570.0,9889.0,16389
104,University of Pittsburgh-Pittsburgh Campus,Pittsburgh,PA,19134,0.529968119,0.47003188100000004,0.0549,20.0,0.5971,0.8249,53900.0,81308.0,32633.0,10721.0,17855
105,University of Illinois at Chicago,Chicago,IL,19106,0.5284502121,0.4715497879,0.0955,21.0,0.7708,0.5657,54300.0,33725.0,25445.0,11177.0,12918
106,Metropolitan State University of Denver,Denver,CO,18968,0.5682625199,0.4317374801,0.3963,25.0,0.6427,0.2829,40200.0,32101.0,18550.0,6673.0,7097
107,University of Delaware,Newark,DE,18948,0.585467128,0.414532872,0.0377,19.0,0.6289,0.8235,57000.0,107127.0,25210.0,12616.0,19072
108,University of Southern California,Los Angeles,CA,18942,0.5540647198,0.44593528019999995,0.0326,20.0,0.1595,0.9171,74000.0,45149.0,69547.0,14389.0,34888
109,University of Connecticut,Storrs,CT,18930,0.5309655084,0.4690344916,0.0296,20.0,0.4784,0.8285,58400.0,67737.0,29803.0,11972.0,14073
110,University of New Mexico-Main Campus,Albuquerque,NM,18912,0.5832672931,0.41673270689999997,0.2411,23.0,0.6704,0.4868,36400.0,27972.0,18937.0,8954.0,5545
111,University of Kansas,Lawrence,KS,18903,0.547597184,0.452402816,0.0885,21.0,0.9338,0.6308,48800.0,64240.0,24824.0,9976.0,12206
112,University of North Carolina at Chapel Hill,Chapel Hill,NC,18658,0.6196397942,0.38036020579999996,0.0308,20.0,0.244,0.9087,55600.0,58193.0,24872.0,12555.0,14775
113,Middle Tennessee State University,Murfreesboro,TN,18600,0.5808518658,0.41914813419999997,0.1911,22.0,0.5935,0.4401,38700.0,35325.0,20405.0,7349.0,6909
114,Portland State University,Portland,OR,18585,0.5823633157,0.4176366843,0.3657,25.0,0.9244,0.4894,44700.0,25986.0,19170.0,9173.0,9208
115,University of Mississippi,University,MS,18537,0.608056266,0.39194373400000004,0.0683,21.0,0.8391,0.6007,42700.0,47087.0,23606.0,8985.0,10716
116,Sam Houston State University,Huntsville,TX,18416,0.6614142466,0.33858575339999997,0.1642,22.0,0.7439,0.5127,44600.0,37602.0,20791.0,7577.0,8572
117,The University of Texas at Dallas,Richardson,TX,18375,0.4620796156,0.5379203844,0.1772,22.0,0.7603,0.6917,53100.0,36564.0,24154.0,12831.0,11493
118,Illinois State University,Normal,IL,18264,0.5624349636,0.4375650364,0.0444,20.0,0.8913,0.6881,47100.0,67099.0,28197.0,7979.0,11552
119,Kansas State University,Manhattan,KS,18171,0.5208711434,0.47912885660000004,0.0901,21.0,0.9412,0.6266,45600.0,67000.0,23262.0,9055.0,11305
120,California State University-San Bernardino,San Bernardino,CA,18088,0.6247122956,0.37528770440000003,0.1974,22.0,0.5713,0.5416,44500.0,25849.0,18202.0,9564.0,3881
121,University of Nevada-Reno,Reno,NV,17930,0.5637824897,0.4362175103,0.1115,21.0,0.8803,0.5499,47000.0,48103.0,21142.0,9979.0,7137
122,Mississippi State University,Mississippi State,MS,17723,0.5395308427,0.46046915730000004,0.0905,21.0,0.624,0.579,40200.0,38988.0,23483.0,8569.0,7794
123,Western Michigan University,Kalamazoo,MI,17704,0.5443729003,0.45562709970000004,0.1209,21.0,0.8232,0.5082,45000.0,51033.0,24032.0,9751.0,12351
124,University of California-Santa Cruz,Santa Cruz,CA,17577,0.5430579965,0.4569420035,0.0478,20.0,0.5094,0.7721,46900.0,42014.0,35315.0,14354.0,13640
125,Central Michigan University,Mount Pleasant,MI,17489,0.592287234,0.40771276599999995,0.1152,21.0,0.6775,0.5836,41900.0,57838.0,23328.0,9030.0,10425
126,Missouri State University-Springfield,Springfield,MO,17371,0.6103059581,0.3896940419,0.1096,21.0,0.8404,0.5491,39300.0,48636.0,20482.0,7400.0,6689
127,Stony Brook University,Stony Brook,NY,17215,0.5101557211,0.48984427890000004,0.0734,21.0,0.4219,0.7181,57600.0,36504.0,23915.0,11275.0,10752
128,University of North Georgia,Dahlonega,GA,17067,0.5747065101,0.42529348990000004,0.1237,21.0,0.7807,0.286,41900.0,44262.0,15405.0,5922.0,4939
129,Georgia Southern University,Statesboro,GA,17062,0.5293563156,0.47064368440000004,0.0715,20.0,0.6829,0.4994,41900.0,49236.0,22467.0,6880.0,6087
130,Weber State University,Ogden,UT,16947,0.5842472582,0.4157527418,0.2548,24.0,,0.3349,44500.0,35841.0,15054.0,7802.0,4869
131,Appalachian State University,Boone,NC,16888,0.5749588138,0.4250411862,0.0692,21.0,0.7,0.7344,38800.0,56100.0,18920.0,8355.0,6679
132,Full Sail University,Winter Park,FL,16859,0.2702686203,0.7297313797,0.5042,25.0,,0.2654,39300.0,21349.0,33638.0,4490.0,14119
133,Miami University-Oxford,Oxford,OH,16816,0.541991342,0.458008658,0.0174,20.0,0.682,0.7914,47100.0,79777.0,30420.0,9395.0,18027
134,Wayne State University,Detroit,MI,16768,0.5950972105,0.4049027895,0.2196,23.0,0.6741,0.4656,40800.0,28605.0,22771.0,10403.0,11150
135,Boston University,Boston,MA,16716,0.6546625328,0.3453374672,0.066,19.0,0.2511,0.8713,65300.0,81244.0,67879.0,13657.0,31947
136,Montclair State University,Montclair,NJ,16673,0.6262893414,0.37371065859999997,0.1151,21.0,0.7066,0.6533,49600.0,40178.0,25517.0,9933.0,9372
137,Keiser University-Ft Lauderdale,Fort Lauderdale,FL,16625,0.7434210526,0.2565789474,0.6415,28.0,,0.5882,31100.0,21659.0,33544.0,5211.0,13065
138,California State University-Chico,Chico,CA,16546,0.5745917085,0.42540829150000004,0.1332,22.0,0.6778,0.6553,48100.0,30780.0,22917.0,9409.0,4430
139,Eastern Michigan University,Ypsilanti,MI,16536,0.6105377512,0.3894622488,0.2241,22.0,0.4474,0.404,39300.0,36983.0,22203.0,9560.0,10343
140,Ball State University,Muncie,IN,16277,0.5982266556,0.4017733444,0.0595,20.0,0.6208,0.6157,41100.0,61975.0,23468.0,7561.0,8484
141,Boise State University,Boise,ID,16265,0.56921797,0.43078203000000004,0.2188,23.0,0.8399,0.4394,37100.0,42915.0,18284.0,7763.0,8148
142,University of Virginia-Main Campus,Charlottesville,VA,16207,0.5454545455,0.45454545449999995,0.0449,20.0,0.2735,0.9458,61200.0,75580.0,31186.0,13819.0,21020
143,University of North Carolina at Greensboro,Greensboro,NC,15988,0.6852653718,0.3147346282,0.1785,22.0,0.7804,0.5429,37500.0,37092.0,19276.0,8534.0,6059
144,University of Memphis,Memphis,TN,15901,0.6019404019,0.3980595981,0.2179,22.0,0.8482,0.4321,37400.0,28800.0,22201.0,8795.0,8105
145,CUNY Hunter College,New York,NY,15820,0.6719516182,0.32804838179999996,0.2189,22.0,0.4018,0.5192,47200.0,22326.0,13347.0,11961.0,5989
146,CUNY Queens College,Queens,NY,15762,0.5671899529,0.43281004710000004,0.2764,23.0,0.4273,0.5384,48200.0,20800.0,13815.0,11177.0,4976
147,Chamberlain University-Illinois,Addison,IL,15689,0.8969863014,0.10301369859999998,0.8873,33.0,0.62,0.5,58400.0,46046.0,30421.0,7647.0,19611
148,Oakland University,Rochester Hills,MI,15562,0.6078042328,0.39219576720000004,0.1698,21.0,0.8441,0.4571,43100.0,45384.0,21262.0,9220.0,11769
149,Drexel University,Philadelphia,PA,15335,0.5680428135,0.43195718650000003,0.1426,23.0,0.7904,0.709,68800.0,52511.0,69462.0,11028.0,27523
150,University of Toledo,Toledo,OH,15109,0.5252525253,0.4747474747,0.1369,21.0,0.9435,0.4075,43800.0,48412.0,22208.0,8707.0,10646
151,Rowan University,Glassboro,NJ,15089,0.4875411378,0.5124588621999999,0.1158,21.0,0.6942,0.6894,50000.0,61093.0,28787.0,8812.0,11610
152,University of Akron Main Campus,Akron,OH,15047,0.5014330558,0.49856694420000003,0.1171,21.0,0.9255,0.3789,36500.0,44867.0,22762.0,9571.0,9845
153,CUNY Bernard M Baruch College,New York,NY,14903,0.5147323033,0.48526769670000003,0.2453,22.0,0.2925,0.6987,57200.0,20824.0,13510.0,13272.0,6882
154,Western Washington University,Bellingham,WA,14876,0.6000439271,0.3999560729,0.0824,21.0,0.8479,0.6904,45800.0,51312.0,22374.0,9726.0,7639
155,Cornell University,Ithaca,NY,14815,0.5335580754,0.4664419246,0.0084,19.0,0.1267,0.9339,77200.0,75110.0,67613.0,14876.0,28774
156,Georgia Institute of Technology-Main Campus,Atlanta,GA,14810,0.3774373259,0.6225626741,0.0385,20.0,0.234,0.8526,79100.0,71161.0,27245.0,12691.0,13590
157,Syracuse University,Syracuse,NY,14788,0.5547775017,0.44522249830000005,0.0326,20.0,0.4688,0.8272,62100.0,78436.0,63195.0,11299.0,24490
158,University of Louisiana at Lafayette,Lafayette,LA,14753,0.6164128596,0.38358714039999997,0.1454,21.0,0.5087,0.4412,39900.0,41647.0,20443.0,8559.0,9443
159,DePaul University,Chicago,IL,14591,0.550042337,0.44995766299999995,0.1642,22.0,0.7174,0.7082,53300.0,48556.0,52912.0,10699.0,23156
160,University of Louisville,Louisville,KY,14550,0.5513169846,0.4486830154,0.1558,21.0,0.753,0.5441,41800.0,47376.0,25728.0,8791.0,11940
161,Western Kentucky University,Bowling Green,KY,14529,0.6025347381,0.3974652619,0.13,22.0,0.9545,0.4312,34700.0,41838.0,18993.0,7308.0,8524
162,California State University-San Marcos,San Marcos,CA,14516,0.6596839397,0.34031606029999995,0.2206,23.0,0.5676,0.5313,47300.0,31282.0,19191.0,9419.0,6825
163,Montana State University,Bozeman,MT,14383,0.4928072339,0.5071927661,0.1246,21.0,0.8311,0.5449,43200.0,56045.0,19980.0,8705.0,10272
164,Baylor University,Waco,TX,14284,0.6033829841,0.3966170159,0.0198,20.0,0.3895,0.7659,51600.0,80000.0,59063.0,9717.0,23397
165,University of Central Oklahoma,Edmond,OK,14267,0.6142122984,0.3857877016,0.2266,22.0,0.7552,0.3771,38800.0,35444.0,22669.0,6744.0,7305
166,West Chester University of Pennsylvania,West Chester,PA,14223,0.6078871433,0.39211285669999996,0.0972,21.0,0.685,0.726,48400.0,75332.0,25279.0,9490.0,9743
167,University of North Carolina Wilmington,Wilmington,NC,14183,0.6308737498,0.3691262502,0.1849,22.0,0.6652,0.7248,41600.0,52650.0,22644.0,8518.0,7496
168,Universidad Ana G. Mendez-Gurabo Campus,Gurabo,PR,14061,0.579454058,0.42054594199999995,0.3277,23.0,,0.2755,19700.0,10530.0,13465.0,4431.0,7676
169,University of Rhode Island,Kingston,RI,14008,0.5947167188,0.4052832812,0.0856,20.0,0.7006,0.656,52900.0,80297.0,27834.0,10450.0,13442
170,University of North Florida,Jacksonville,FL,13962,0.6145483297,0.38545167030000005,0.1972,22.0,0.5871,0.5728,43200.0,37074.0,20854.0,7786.0,5670
171,Bowling Green State University-Main Campus,Bowling Green,OH,13790,0.6013106861,0.39868931389999995,0.0611,20.0,0.732,0.5306,40500.0,63845.0,23772.0,8821.0,9154
172,CUNY Brooklyn College,Brooklyn,NY,13712,0.5883275808,0.4116724192,0.2672,23.0,0.4043,0.5812,43900.0,19956.0,13404.0,11407.0,4470
173,Binghamton University,Vestal,NY,13702,0.5177916757,0.48220832430000005,0.0266,20.0,0.4036,0.8231,61600.0,61401.0,24725.0,9258.0,8520
174,Northeastern University,Boston,MA,13666,0.541089566,0.458910434,0.0122,21.0,0.2744,0.8713,67400.0,80224.0,65469.0,12822.0,35516
175,Florida Gulf Coast University,Fort Myers,FL,13636,0.5940099834,0.4059900166,0.1135,21.0,0.6426,0.481,42100.0,43546.0,19400.0,8000.0,5460
176,Troy University,Troy,AL,13634,0.6510154346,0.3489845654,0.3411,25.0,0.8812,0.39,37000.0,29641.0,18585.0,6444.0,9357
177,California State University-East Bay,Hayward,CA,13433,0.659212283,0.340787717,0.3327,24.0,0.7405,0.4237,51700.0,24527.0,21267.0,9811.0,6706
178,Northern Illinois University,Dekalb,IL,13430,0.534562212,0.465437788,0.159,21.0,0.5332,0.4497,45500.0,39109.0,28520.0,8218.0,7816
179,SUNY at Albany,Albany,NY,13320,0.5287925697,0.4712074303,0.0624,20.0,0.5401,0.6503,51500.0,43412.0,24742.0,9202.0,7466
180,University of Massachusetts-Lowell,Lowell,MA,13284,0.4343958488,0.5656041512000001,0.2448,22.0,0.6883,0.6008,53300.0,53801.0,27313.0,11628.0,13295
181,California State University-Dominguez Hills,Carson,CA,13258,0.6572807723,0.34271922769999996,0.3655,25.0,0.5368,0.4291,44700.0,20044.0,14463.0,9336.0,4241
182,University of Alabama at Birmingham,Birmingham,AL,12866,0.6390907397,0.36090926030000003,0.2296,23.0,0.9181,0.5292,41200.0,34489.0,24129.0,10640.0,11612
183,Rochester Institute of Technology,Rochester,NY,12858,0.3531583265,0.6468416735,0.0525,20.0,0.5672,0.673,62400.0,69191.0,52715.0,10342.0,21737
184,University of New Hampshire-Main Campus,Durham,NH,12847,0.5576019545,0.44239804549999995,0.0251,20.0,0.7651,0.7777,51400.0,89334.0,31835.0,11673.0,13700
185,Eastern Kentucky University,Richmond,KY,12750,0.5814347291,0.41856527089999995,0.194,22.0,0.8737,0.4383,36100.0,39224.0,20580.0,7140.0,6904
186,University of Hawaii at Manoa,Honolulu,HI,12583,0.5987996307,0.4012003693,0.1741,22.0,0.8315,0.5995,45800.0,40609.0,23015.0,11786.0,11326
187,CUNY City College,New York,NY,12480,0.5377492877,0.46225071230000003,0.2349,22.0,0.4637,0.4997,46300.0,20074.0,13698.0,12370.0,4119
188,CUNY John Jay College of Criminal Justice,New York,NY,12426,0.6098530683,0.39014693170000003,0.226,22.0,0.3875,0.4745,44900.0,19475.0,14067.0,11167.0,4181
189,University of Nebraska at Omaha,Omaha,NE,12424,0.5608272506,0.43917274939999995,0.2075,22.0,0.8653,0.4708,44200.0,46908.0,17935.0,8303.0,6562
190,University of Houston-Downtown,Houston,TX,12310,0.6537602383,0.34623976170000004,0.496,26.0,0.8408,0.2076,45000.0,24909.0,17017.0,8105.0,7432
191,University of Puerto Rico-Mayaguez,Mayaguez,PR,12208,0.4739855614,0.5260144386000001,0.064,19.0,0.7354,0.4726,,20875.0,14159.0,8409.0,727
192,Fort Hays State University,Hays,KS,12174,0.6360037261,0.3639962739,0.3055,26.0,0.8862,0.438,38200.0,42453.0,16753.0,6631.0,5778
193,University of Massachusetts-Boston,Boston,MA,12159,0.5690204158,0.43097958420000004,0.2628,23.0,0.7515,0.4803,48200.0,31247.0,21777.0,10965.0,13920
194,DeVry University-Illinois,Chicago,IL,12146,0.6059049017,0.3940950983,0.7952,31.0,0.9473,0.2062,44100.0,22648.0,35766.0,7684.0,10382
195,College of Staten Island CUNY,Staten Island,NY,12118,0.5639557083,0.43604429170000003,0.1877,20.0,,0.3018,41500.0,23633.0,14405.0,11028.0,3760
196,Columbia College,Columbia,MO,11975,0.6236742176,0.37632578240000003,0.7218,29.0,,0.2627,38300.0,25623.0,33112.0,7707.0,7424
197,Minnesota State University-Mankato,Mankato,MN,11966,0.5695216908,0.43047830919999996,0.1106,21.0,0.6096,0.4768,44900.0,68513.0,18993.0,9101.0,6440
198,University of Puerto Rico-Rio Piedras,San Juan,PR,11763,0.6184486373,0.3815513627,0.0592,19.0,0.3988,0.5784,,19937.0,10977.0,5911.0,1046
199,Kean University,Union,NJ,11761,0.6236462094,0.37635379059999996,0.2548,23.0,0.8222,0.4863,46100.0,32770.0,25015.0,9007.0,9392
200,St John's University-New York,Queens,NY,11756,0.5904467853,0.40955321469999995,0.0227,19.0,0.6773,0.5792,55200.0,50604.0,51401.0,12336.0,20692
201,University of Southern Mississippi,Hattiesburg,MS,11747,0.6505441354,0.3494558646,0.2025,23.0,0.9843,0.4674,36400.0,27959.0,20866.0,7553.0,6718
202,George Washington University,Washington,DC,11718,0.6346801347,0.36531986530000005,0.1051,21.0,0.4098,0.8063,69600.0,71358.0,66996.0,14272.0,31240
203,North Dakota State University-Main Campus,Fargo,ND,11687,0.4788853162,0.5211146838,0.072,20.0,0.9159,0.5798,48200.0,80195.0,19874.0,9012.0,9311
204,Cleveland State University,Cleveland,OH,11647,0.5893367185,0.4106632815,0.2405,23.0,0.9006,0.4315,41300.0,33556.0,21949.0,9389.0,10618
205,Ferris State University,Big Rapids,MI,11549,0.5511797363,0.44882026370000005,0.2106,23.0,0.7416,0.4491,44500.0,41668.0,21896.0,8931.0,10727
206,University of Colorado Denver/Anschutz Medical Campus,Denver,CO,11531,0.5792682927,0.4207317073,0.215,24.0,0.6522,0.4485,56400.0,33313.0,21105.0,10326.0,14337
207,ECPI University,Virginia Beach,VA,11512,0.6373831776,0.36261682240000004,0.6832,29.0,0.7129,0.4741,34600.0,22890.0,25429.0,5591.0,14148
208,Central Washington University,Ellensburg,WA,11468,0.5458908218,0.45410917819999996,0.188,23.0,0.8634,0.5154,46500.0,42459.0,20774.0,8149.0,5730
209,Baker College,Flint,MI,11431,0.6670299728,0.3329700272,0.5686,26.0,,0.1261,27200.0,23085.0,18725.0,5328.0,9547
210,Southern Illinois University-Edwardsville,Edwardsville,IL,11339,0.5792239289,0.42077607110000004,0.1465,21.0,0.8951,0.4853,43000.0,49753.0,22078.0,7868.0,8822
211,University of Alaska Anchorage,Anchorage,AK,11332,0.5987699877,0.4012300123,0.4178,25.0,0.8283,0.2431,45400.0,33525.0,19126.0,9248.0,6834
212,Tarleton State University,Stephenville,TX,11283,0.6463891249,0.3536108751,0.2144,23.0,0.5038,0.4635,42500.0,40809.0,20078.0,7699.0,6155
213,Wright State University-Main Campus,Dayton,OH,11251,0.5595056712,0.44049432879999995,0.1741,21.0,0.9677,0.3576,39500.0,45025.0,21261.0,9173.0,9612
214,Loyola University Chicago,Chicago,IL,11193,0.6853006682,0.3146993318,0.0777,20.0,0.7059,0.7715,54100.0,60527.0,56178.0,10443.0,24812
215,New Mexico State University-Main Campus,Las Cruces,NM,11173,0.5765614035,0.42343859650000004,0.2047,23.0,0.6384,0.4586,34600.0,23951.0,17124.0,8503.0,4583
216,University of Maryland-Baltimore County,Baltimore,MD,11130,0.4939527213,0.5060472787,0.1475,22.0,0.6021,0.6342,55000.0,46405.0,24503.0,9982.0,9968
217,Wichita State University,Wichita,KS,10970,0.5934139785,0.4065860215,0.2823,23.0,0.938,0.4757,40400.0,43391.0,18924.0,7651.0,8568
218,CUNY Lehman College,Bronx,NY,10949,0.71029969,0.28970030999999996,0.4517,25.0,0.35,0.4556,43100.0,17797.0,13568.0,10714.0,4310
219,Southeastern Louisiana University,Hammond,LA,10929,0.6394316163,0.3605683837,0.1045,20.0,0.8834,0.4135,37200.0,34942.0,19170.0,6544.0,6254
220,Madison Area Technical College,Madison,WI,10917,0.5684697366,0.4315302634,0.3331,25.0,,0.2141,36500.0,31113.0,14887.0,10387.0,3903
221,Southern Illinois University-Carbondale,Carbondale,IL,10896,0.4896289248,0.5103710752,0.2005,22.0,0.7601,0.4012,42900.0,37454.0,27119.0,7669.0,9414
222,East Tennessee State University,Johnson City,TN,10881,0.5834216663,0.41657833369999997,0.1653,22.0,0.8547,0.4116,35100.0,33885.0,21904.0,7201.0,8636
223,Indiana State University,Terre Haute,IN,10817,0.5856593682,0.4143406318,0.1683,22.0,0.8451,0.3872,39000.0,39723.0,21056.0,7503.0,5851
224,Thomas Edison State University,Trenton,NJ,10787,0.5028980566,0.4971019434,0.8554,33.0,,,49600.0,34693.0,,,11163
225,Northern Kentucky University,Highland Heights,KY,10728,0.585591133,0.414408867,0.1761,22.0,0.9038,0.3967,37500.0,48195.0,17377.0,7717.0,8833
226,University of South Alabama,Mobile,AL,10712,0.6229367631,0.3770632369,0.159,21.0,0.8208,0.4007,37800.0,36199.0,18857.0,7203.0,9198
227,University of Pennsylvania,Philadelphia,PA,10660,0.5721331689,0.4278668311,0.0541,22.0,0.093,0.9572,85900.0,39832.0,69340.0,17435.0,38594
228,Stephen F Austin State University,Nacogdoches,TX,10655,0.6564477848,0.3435522152,0.0925,21.0,0.6543,0.4377,41900.0,44426.0,20735.0,7475.0,7549
229,Universidad Ana G. Mendez-Cupey Campus,San Juan,PR,10617,0.6213793103,0.37862068969999996,0.3271,23.0,,0.3289,19400.0,6993.0,13515.0,4174.0,7045
230,University of Miami,Coral Gables,FL,10613,0.5744101633,0.42558983669999995,0.0595,20.0,0.357,0.8372,60100.0,54690.0,62810.0,12193.0,29896
231,Savannah College of Art and Design,Savannah,GA,10568,0.690795353,0.30920464700000005,0.0868,20.0,0.9287,0.6482,36400.0,59559.0,54483.0,9046.0,25842
232,University of Wisconsin-Whitewater,Whitewater,WI,10543,0.5143684562,0.48563154379999995,0.0903,21.0,0.7035,0.6167,42600.0,70028.0,17480.0,7469.0,6975
233,National University College,Bayamon,PR,10524,0.6684603558,0.33153964420000004,0.5756,27.0,0.5933,0.2392,17400.0,0.0,14223.0,2904.0,5259
234,University of Vermont,Burlington,VT,10513,0.6014972646,0.39850273540000003,0.0615,20.0,0.672,0.7495,47300.0,92817.0,31606.0,9791.0,24910
235,Eastern Washington University,Cheney,WA,10500,0.575044405,0.424955595,0.1892,22.0,0.962,0.5245,43100.0,38218.0,19672.0,8422.0,7220
236,University of West Georgia,Carrollton,GA,10468,0.6435541859,0.3564458141,0.1027,21.0,0.5862,0.4049,38200.0,36595.0,21257.0,6452.0,5755
237,University of North Dakota,Grand Forks,ND,10351,0.4770762379,0.5229237621,0.1714,22.0,0.8348,0.5362,48700.0,78651.0,19670.0,8396.0,10757
238,University of Colorado Colorado Springs,Colorado Springs,CO,10344,0.5588865096,0.44111349040000003,0.2444,23.0,0.9281,0.4329,43900.0,42591.0,21148.0,8060.0,11334
239,Embry-Riddle Aeronautical University-Worldwide,Daytona Beach,FL,10256,0.1816434407,0.8183565593,0.8422,25.0,0.6327,0.2543,66200.0,38662.0,22656.0,6439.0,11541
240,Texas A & M University-Corpus Christi,Corpus Christi,TX,10170,0.6254948535,0.3745051465,0.1467,21.0,0.6046,0.3625,43400.0,37435.0,20140.0,8062.0,7716
241,Universidad Ana G. Mendez-Carolina Campus,Carolina,PR,10140,0.5856521739,0.4143478261,0.3532,24.0,,0.2813,19600.0,8983.0,13315.0,4082.0,7342
242,The University of Tennessee-Chattanooga,Chattanooga,TN,10097,0.5809781273,0.4190218727,0.117,21.0,0.8279,0.4517,38100.0,46549.0,21748.0,8217.0,6362
243,University of Wisconsin-Eau Claire,Eau Claire,WI,10070,0.644375324,0.35562467600000003,0.0538,20.0,0.7567,0.6656,46200.0,79294.0,19591.0,7596.0,6938
244,Youngstown State University,Youngstown,OH,10039,0.5504444444,0.44955555560000005,0.1607,21.0,0.6363,0.3443,35900.0,42139.0,17278.0,8027.0,7432
245,North Carolina A & T State University,Greensboro,NC,10011,0.569954356,0.430045644,0.1209,21.0,0.6223,0.4274,34700.0,32000.0,19243.0,8929.0,6271
246,Indiana University of Pennsylvania-Main Campus,Indiana,PA,9965,0.5809192739,0.4190807261,0.0712,20.0,0.9082,0.5585,40800.0,56548.0,26254.0,9704.0,9479
247,South Dakota State University,Brookings,SD,9704,0.5559574949,0.4440425051,0.0963,20.0,0.9137,0.5492,44400.0,73000.0,26357.0,8135.0,8479
248,University of Northern Iowa,Cedar Falls,IA,9686,0.5950834879,0.4049165121,0.0822,20.0,0.8083,0.6753,44600.0,70582.0,20593.0,8481.0,6325
249,Saint Cloud State University,Saint Cloud,MN,9676,0.5498132005,0.45018679949999996,0.1292,21.0,0.8578,0.4434,44200.0,51641.0,19068.0,9336.0,5582
250,Boston College,Chestnut Hill,MA,9636,0.5189448441,0.48105515590000003,0.0206,19.0,0.3241,0.9211,72500.0,103007.0,68039.0,14977.0,33677
251,University of Wyoming,Laramie,WY,9623,0.5437196391,0.4562803609,0.1771,22.0,0.9682,0.582,47300.0,54733.0,19615.0,9440.0,5188
252,The University of West Florida,Pensacola,FL,9602,0.5969785575,0.40302144250000005,0.3241,24.0,0.4958,0.4405,38900.0,34583.0,16910.0,8083.0,5928
253,College of Charleston,Charleston,SC,9599,0.6578234976,0.34217650239999997,0.0844,20.0,0.8045,0.6921,40700.0,58643.0,28426.0,8594.0,13636
254,Coastal Carolina University,Conway,SC,9546,0.5346553716,0.4653446284,0.0668,20.0,0.6119,0.4229,38500.0,55785.0,23999.0,7781.0,13091
255,Park University,Parkville,MO,9442,0.5412748171,0.4587251829,0.6919,29.0,0.6904,0.2333,45900.0,30016.0,23850.0,6495.0,9497
256,University of Wisconsin-La Crosse,La Crosse,WI,9436,0.5774361949,0.4225638051,0.0354,20.0,0.7337,0.7055,48000.0,83835.0,17235.0,7085.0,6956
257,Texas Woman's University,Denton,TX,9417,0.9028707101,0.09712928990000003,0.2597,24.0,0.8571,0.3551,44700.0,32124.0,17539.0,8332.0,6019
258,Saint Leo University,Saint Leo,FL,9404,0.6721270161,0.32787298389999997,0.6821,30.0,0.5849,0.4798,43800.0,22361.0,36298.0,7677.0,10889
259,Fordham University,Bronx,NY,9403,0.6138842975,0.38611570250000005,0.0597,20.0,0.4644,0.7946,59200.0,97877.0,65105.0,13551.0,27045
260,Bridgewater State University,Bridgewater,MA,9390,0.5927823569,0.40721764309999997,0.1606,21.0,0.8036,0.5941,45300.0,57864.0,23109.0,9280.0,9301
261,Central Connecticut State University,New Britain,CT,9317,0.4913224151,0.5086775849,0.1882,22.0,0.6676,0.5209,47900.0,48269.0,22576.0,8988.0,8693
262,Western Carolina University,Cullowhee,NC,9234,0.5731678205,0.42683217949999996,0.1735,22.0,0.3884,0.5903,37700.0,46182.0,20819.0,7836.0,6104
263,University of Minnesota-Duluth,Duluth,MN,9199,0.4882111738,0.5117888262,0.0459,20.0,0.7661,0.5924,47200.0,83308.0,23913.0,8175.0,8876
264,University of Wisconsin-Oshkosh,Oshkosh,WI,9162,0.6097161572,0.39028384279999995,0.1151,21.0,0.6309,0.5234,42700.0,65029.0,18333.0,7390.0,5141
265,University of Northern Colorado,Greeley,CO,9104,0.6510354677,0.3489645323,0.1123,21.0,0.8908,0.4775,42000.0,51738.0,22604.0,7749.0,10560
266,Austin Peay State University,Clarksville,TN,9090,0.5990892892,0.40091071079999996,0.2672,23.0,0.9013,0.3752,34900.0,31930.0,20962.0,7664.0,6318
267,Tennessee Technological University,Cookeville,TN,9084,0.5007582651,0.4992417349,0.1071,21.0,0.644,0.4941,40500.0,40770.0,23952.0,8012.0,5935
268,California State University-Stanislaus,Turlock,CA,9054,0.6771726535,0.3228273465,0.2064,23.0,0.7706,0.5277,45400.0,28214.0,15732.0,9328.0,5058
269,University of Central Arkansas,Conway,AR,9034,0.6165561287,0.3834438713,0.1039,21.0,0.8995,0.4124,38300.0,37082.0,20702.0,6974.0,5443
270,Texas Christian University,Fort Worth,TX,8983,0.6027837259,0.39721627410000004,0.0547,20.0,0.4108,0.8262,52800.0,73000.0,60135.0,11372.0,26486
271,The University of Montana,Missoula,MT,8958,0.5540151713,0.4459848287,0.2463,23.0,0.9264,0.458,35500.0,36050.0,18490.0,7608.0,8309
272,Lamar University,Beaumont,TX,8928,0.653966831,0.34603316900000003,0.2694,25.0,0.8165,0.2964,39500.0,35526.0,19367.0,8283.0,6741
273,Southeast Missouri State University,Cape Girardeau,MO,8910,0.5954100052,0.4045899948,0.1326,21.0,0.8455,0.521,37000.0,42518.0,18567.0,7077.0,5979
274,Arizona State University-Downtown Phoenix,Phoenix,AZ,8898,0.5568306611,0.4431693389,0.1629,24.0,0.7721,0.656,47700.0,35851.0,24977.0,8932.0,9690
275,Arkansas State University-Main Campus,Jonesboro,AR,8856,0.6108749161,0.3891250839,0.1917,23.0,0.6602,0.475,32200.0,33450.0,20952.0,7077.0,3824
276,University of Maine,Orono,ME,8836,0.482962963,0.5170370369999999,0.0703,20.0,0.9226,0.5758,42500.0,65562.0,23262.0,9218.0,10635
277,William Paterson University of New Jersey,Wayne,NJ,8710,0.5626918018,0.4373081982,0.1973,22.0,0.9239,0.5516,46600.0,35457.0,23710.0,10879.0,9929
278,California State University-Bakersfield,Bakersfield,CA,8705,0.6426605505,0.35733944949999996,0.2022,23.0,0.6112,0.4086,47800.0,27270.0,16832.0,9262.0,3470
279,Purdue University Northwest,Hammond,IN,8665,,,0.2557,,0.3467,0.3444,,,0.0,8434.0,6689
280,Sonoma State University,Rohnert Park,CA,8633,0.6668721109,0.3331278891,0.1173,22.0,0.8203,0.5846,49200.0,40508.0,24410.0,9775.0,6096
281,SUNY Empire State College,Saratoga Springs,NY,8622,0.7136555043,0.2863444957,0.8056,33.0,,0.1389,41400.0,26758.0,19970.0,6876.0,5190
282,University of Central Missouri,Warrensburg,MO,8589,0.5887941535,0.4112058465,0.1287,22.0,0.836,0.4909,38000.0,48556.0,18309.0,7236.0,6620
283,Valdosta State University,Valdosta,GA,8557,0.6277355962,0.37226440380000003,0.1619,22.0,0.7417,0.3693,38700.0,35444.0,19553.0,6624.0,6216
284,Marshall University,Huntington,WV,8554,0.586842761,0.413157239,0.1383,21.0,0.9019,0.493,35600.0,41378.0,18315.0,7181.0,6774
285,University of Notre Dame,Notre Dame,IN,8527,0.4604402142,0.5395597858000001,0.0019,19.0,0.1892,0.9524,78400.0,112232.0,67043.0,14001.0,24175
286,Colorado Mesa University,Grand Junction,CO,8494,0.5292137533,0.4707862467,0.1878,22.0,0.8167,0.3263,36800.0,44794.0,20577.0,6737.0,8514
287,Northwestern University,Evanston,IL,8489,0.5243467933,0.4756532067,0.0531,20.0,0.0924,0.9376,69000.0,58835.0,70317.0,16645.0,29743
288,Texas A & M University-Commerce,Commerce,TX,8473,0.631394534,0.368605466,0.2933,25.0,0.3454,0.4168,39300.0,31618.0,20342.0,8749.0,7043
289,Pace University,New York,NY,8456,0.6534384344,0.34656156559999995,0.096,20.0,0.7956,0.5358,60300.0,55332.0,60221.0,12333.0,21644
290,University of Dayton,Dayton,OH,8422,0.5198164372,0.48018356279999996,0.0236,19.0,0.7168,0.7868,55100.0,114495.0,56370.0,8687.0,19321
291,SUNY Buffalo State,Buffalo,NY,8395,0.5771839671,0.4228160329,0.1445,21.0,0.5756,0.4738,39800.0,32331.0,21312.0,7580.0,4453
292,Radford University,Radford,VA,8376,0.5950139914,0.4049860086,0.0536,20.0,0.7432,0.5517,43000.0,54745.0,22454.0,8289.0,6678
293,American College of Financial Services,Bryn Mawr,PA,8354,,,0.8637,,,,,,,12417.0,11360
294,Wilmington University,New Castle,DE,8346,0.6885463726,0.31145362740000004,0.5991,28.0,,0.2592,42500.0,29853.0,17529.0,7197.0,10203
295,Independence University,Salt Lake City,UT,8278,0.7420641516,0.25793584839999995,0.7399,30.0,,0.2607,28800.0,13120.0,32804.0,4340.0,14076
296,Louisiana Tech University,Ruston,LA,8277,0.4864058355,0.5135941645,0.1162,20.0,0.6484,0.5339,41500.0,45709.0,19225.0,7277.0,7570
297,Bloomsburg University of Pennsylvania,Bloomsburg,PA,8276,0.5715309291,0.42846907089999997,0.0555,20.0,0.7325,0.5804,44500.0,65570.0,23406.0,9258.0,8835
298,Arkansas Tech University,Russellville,AR,8247,0.5661364132,0.43386358680000003,0.1767,23.0,0.9475,0.39,34100.0,32169.0,18143.0,6637.0,4410
299,Stockton University,Galloway,NJ,8242,0.6130319149,0.3869680851,0.1271,21.0,0.8153,0.7284,47500.0,52591.0,27603.0,9395.0,8963
300,Columbia University in the City of New York,New York,NY,8170,0.4472727273,0.5527272727,0.1466,23.0,0.0661,0.9514,83300.0,31310.0,71972.0,18713.0,37294
301,Rutgers University-Newark,Newark,NJ,8122,0.5539444444,0.4460555556,0.2089,21.0,0.6424,0.6789,57900.0,43359.0,24719.0,13595.0,17980
302,Marquette University,Milwaukee,WI,8093,0.5854070013,0.4145929987,0.0163,19.0,0.8933,0.8031,62600.0,96300.0,52916.0,9923.0,22584
303,University of Phoenix-California,Ontario,CA,7998,0.6972811618,0.3027188382,0.919,32.0,,0.1838,47100.0,18602.0,20133.0,6879.0,11033
304,Northwestern State University of Louisiana,Natchitoches,LA,7994,0.7343553657,0.26564463429999996,0.2692,24.0,0.8029,0.3944,34300.0,30223.0,20172.0,6401.0,5976
305,Prairie View A & M University,Prairie View,TX,7975,0.6100395073,0.3899604927,0.1031,20.0,0.7893,0.3479,35700.0,28812.0,22444.0,7653.0,4955
306,Texas Southern University,Houston,TX,7967,0.5913492576,0.4086507424,0.2426,22.0,0.6666,0.2337,31300.0,22141.0,24089.0,7650.0,8389
307,The University of Tampa,Tampa,FL,7956,0.6351435705,0.36485642949999997,0.0469,20.0,0.5326,0.5969,48600.0,75458.0,42210.0,9064.0,18089
308,University of Wisconsin-Stout,Menomonie,WI,7955,0.475708502,0.524291498,0.1643,21.0,0.8718,0.5425,45100.0,70070.0,19233.0,6841.0,5817
309,Fashion Institute of Technology,New York,NY,7924,0.8392925798,0.16070742019999995,0.21,21.0,0.4704,0.7676,48900.0,46417.0,16991.0,8741.0,8590
310,Idaho State University,Pocatello,ID,7921,0.5705947749,0.4294052251,0.2643,23.0,,0.3032,35700.0,35747.0,19592.0,7156.0,7822
311,Tulane University of Louisiana,New Orleans,LA,7871,0.6045479756,0.39545202440000005,0.103,22.0,0.215,0.8336,61700.0,64959.0,66898.0,11280.0,27357
312,University of Missouri-Kansas City,Kansas City,MO,7854,0.6063576159,0.39364238409999996,0.1543,23.0,0.6415,0.4847,45700.0,37544.0,21120.0,8855.0,11706
313,Humboldt State University,Arcata,CA,7846,0.5871915719,0.41280842809999996,0.195,22.0,0.8183,0.4659,36600.0,26596.0,23661.0,9457.0,4487
314,Post University,Waterbury,CT,7808,0.7255289468,0.2744710532,0.7824,31.0,0.635,0.2457,40900.0,16163.0,29450.0,5993.0,11314
315,University of Wisconsin-Stevens Point,Stevens Point,WI,7768,0.5432506887,0.45674931129999996,0.0955,20.0,0.8356,0.6502,40200.0,63571.0,17767.0,6742.0,6051
316,Purdue University Fort Wayne,Fort Wayne,IN,7708,0.5872044506,0.41279554939999996,0.1663,21.0,0.9441,0.3164,36500.0,46408.0,18033.0,7613.0,6538
317,Southern Connecticut State University,New Haven,CT,7703,0.6305379747,0.36946202530000005,0.1355,21.0,0.6492,0.4811,45300.0,48142.0,22794.0,9046.0,9509
318,University of Idaho,Moscow,ID,7685,0.5058158857,0.4941841143,0.0995,21.0,0.7309,0.5486,41900.0,45018.0,20341.0,8963.0,8772
319,Western Illinois University,Macomb,IL,7599,0.5614960441,0.4385039559,0.1442,21.0,0.5997,0.5045,43200.0,36222.0,24851.0,8808.0,7412
320,University of Southern Indiana,Evansville,IN,7554,0.6409277745,0.35907222549999995,0.1087,21.0,0.936,0.4067,37000.0,54413.0,18763.0,7256.0,5436
321,Salisbury University,Salisbury,MD,7552,0.5956829897,0.4043170103,0.0803,21.0,0.6502,0.7095,50500.0,69454.0,24056.0,8041.0,6956
322,Florida Agricultural and Mechanical University,Tallahassee,FL,7552,0.6479351803,0.35206481970000003,0.0875,20.0,0.4563,0.4761,37600.0,28781.0,22235.0,8077.0,4537
323,Slippery Rock University of Pennsylvania,Slippery Rock,PA,7539,0.5697211155,0.43027888449999996,0.0736,20.0,0.7149,0.6605,41700.0,70320.0,23484.0,9562.0,7953
324,Harvard University,Cambridge,MA,7532,0.5015384615,0.49846153849999997,0.2103,22.0,0.0516,0.9644,89700.0,33066.0,66900.0,19741.0,31930
325,Academy of Art University,San Francisco,CA,7520,0.5731981982,0.42680180180000005,0.3934,25.0,,0.3973,38600.0,22550.0,38666.0,8341.0,27625
326,Johnson & Wales University-Providence,Providence,RI,7500,0.6353397118,0.36466028819999996,0.0818,21.0,0.8753,0.6335,38800.0,41456.0,45897.0,9155.0,14943
327,Saginaw Valley State University,University Center,MI,7498,0.6005639098,0.39943609020000004,0.1742,21.0,0.7384,0.3976,39300.0,52670.0,20061.0,8209.0,8832
328,University of Wisconsin-Platteville,Platteville,WI,7496,0.3766723842,0.6233276158000001,0.0939,20.0,0.7971,0.5283,47300.0,71248.0,18494.0,6627.0,6567
329,New Jersey Institute of Technology,Newark,NJ,7489,0.2094848175,0.7905151825,0.1629,22.0,0.6139,0.6355,68500.0,38563.0,29249.0,12688.0,14541
330,Kutztown University of Pennsylvania,Kutztown,PA,7443,0.5407317073,0.4592682927,0.06,20.0,0.8314,0.5305,41600.0,65385.0,24614.0,9287.0,8180
331,American University,Washington,DC,7433,0.6609547124,0.33904528759999997,0.0204,19.0,0.294,0.7922,61000.0,84200.0,62162.0,11620.0,31517
332,California Baptist University,Riverside,CA,7397,0.6606170599,0.33938294010000003,0.2386,24.0,0.7708,0.5866,42600.0,42597.0,43158.0,9350.0,19106
333,West Texas A & M University,Canyon,TX,7383,0.6003377428,0.39966225720000004,0.2222,22.0,0.6136,0.4057,42700.0,42482.0,20067.0,7663.0,6881
334,University of California-Merced,Merced,CA,7375,0.536360938,0.46363906200000005,0.0195,19.0,0.6979,0.6439,,33931.0,34330.0,10552.0,9245
335,University of Missouri-St Louis,Saint Louis,MO,7362,0.6098868374,0.39011316259999995,0.2007,25.0,0.7594,0.5565,42900.0,29513.0,21317.0,8569.0,8691
336,National University,La Jolla,CA,7360,0.6353790614,0.3646209386,0.8642,31.0,,0.4219,59400.0,31188.0,27409.0,10242.0,14022
337,Winona State University,Winona,MN,7308,0.6644315757,0.3355684243,0.1052,21.0,0.665,0.6067,44700.0,74955.0,21547.0,8687.0,5852
338,Washington University in St Louis,Saint Louis,MO,7253,0.5342465753,0.46575342470000003,0.0683,20.0,0.1596,0.9417,70100.0,88696.0,69754.0,14653.0,25799
339,Quinnipiac University,Hamden,CT,7249,0.6232081911,0.37679180889999997,0.0434,20.0,0.7388,0.7478,63300.0,106325.0,61126.0,11026.0,29010
340,Murray State University,Murray,KY,7218,0.6265372168,0.37346278320000004,0.1486,22.0,0.8667,0.491,37100.0,46064.0,19314.0,6963.0,8516
341,Saint Louis University,Saint Louis,MO,7209,0.6241106719,0.3758893281,0.0858,21.0,0.6443,0.7733,56500.0,77915.0,55055.0,10208.0,20686
342,SUNY College at Brockport,Brockport,NY,7134,0.5812821981,0.41871780189999996,0.1422,22.0,0.5318,0.659,42600.0,43518.0,22296.0,7285.0,5584
343,Georgetown University,Washington,DC,7128,0.5899705015,0.41002949850000003,0.0521,20.0,0.1568,0.9461,93500.0,78300.0,69313.0,15181.0,37238
344,SUNY College at Oswego,Oswego,NY,7090,0.5129262926,0.4870737074,0.0637,20.0,0.5365,0.6567,43900.0,50004.0,23177.0,6669.0,5747
345,Metropolitan State University,Saint Paul,MN,7080,0.6086566495,0.3913433505,0.6594,29.0,0.5554,0.2745,48200.0,28315.0,20800.0,9068.0,5121
346,CUNY York College,Jamaica,NY,7058,0.6926509967,0.30734900330000003,0.2818,23.0,0.4447,0.2929,40800.0,19735.0,13958.0,10481.0,3379
347,Stanford University,Stanford,CA,7056,0.4940191388,0.5059808612000001,0.0156,19.0,0.0473,0.9425,94000.0,44842.0,66696.0,22924.0,27778
348,California State University-Channel Islands,Camarillo,CA,7047,0.6834629692,0.31653703079999995,0.2196,23.0,0.7827,0.5947,49800.0,27978.0,24172.0,9612.0,5322
349,Northeastern Illinois University,Chicago,IL,7014,0.6059467919,0.3940532081,0.4226,24.0,0.6939,0.2302,37900.0,21900.0,23967.0,7936.0,7575
350,The New School,New York,NY,6982,0.7536302033,0.24636979670000003,0.1426,21.0,0.6151,0.6733,44500.0,42578.0,64523.0,11317.0,30028
351,University of Michigan-Dearborn,Dearborn,MI,6961,0.5116453794,0.4883546206,0.204,23.0,0.6428,0.5444,48600.0,25334.0,19323.0,9587.0,12692
352,Columbia College Chicago,Chicago,IL,6934,0.6115146624,0.38848533760000004,0.0898,21.0,0.9161,0.4397,34400.0,49117.0,41555.0,8155.0,20446
353,University of Alabama in Huntsville,Huntsville,AL,6917,0.4763499372,0.5236500628,0.1842,22.0,0.8123,0.4862,46700.0,44787.0,22108.0,9391.0,8727
354,Rhode Island College,Providence,RI,6900,0.685519692,0.31448030800000004,0.223,22.0,0.7359,0.4619,41400.0,35669.0,15726.0,8064.0,6485
355,Indiana Institute of Technology,Fort Wayne,IN,6899,0.6610447028,0.33895529719999995,0.6723,30.0,0.7613,0.3385,42700.0,14380.0,38265.0,7198.0,6912
356,Villanova University,Villanova,PA,6886,0.5794684732,0.42053152680000006,0.0545,20.0,0.36,0.903,77900.0,110409.0,65649.0,11048.0,28406
357,Missouri University of Science and Technology,Rolla,MO,6872,0.2413201886,0.7586798114,0.0598,20.0,0.8351,0.6413,71200.0,68139.0,22045.0,10365.0,11853
358,Vanderbilt University,Nashville,TN,6856,0.5281124498,0.47188755019999995,0.0026,19.0,0.1085,0.9172,69000.0,58118.0,64654.0,13450.0,24187
359,The College of New Jersey,Ewing,NJ,6850,0.5770094297,0.4229905703,0.0303,19.0,0.4753,0.8658,58500.0,106390.0,33046.0,10141.0,12898
360,Southern Utah University,Cedar City,UT,6849,0.5524714829,0.44752851709999997,0.2326,22.0,0.758,0.4677,39800.0,41064.0,19516.0,6543.0,7030
361,Lindenwood University,Saint Charles,MO,6807,0.5777216611,0.4222783389,0.268,24.0,0.7375,0.4985,41300.0,45382.0,29322.0,7468.0,13194
362,University of San Francisco,San Francisco,CA,6796,0.6755368814,0.3244631186,0.0741,20.0,0.6563,0.7723,62300.0,57928.0,63117.0,13405.0,27756
363,Hofstra University,Hempstead,NY,6783,0.5923831071,0.4076168929,0.0392,20.0,0.6395,0.6305,53100.0,72953.0,56910.0,13227.0,26964
364,Texas A & M International University,Laredo,TX,6780,0.6114854026,0.38851459740000005,0.1434,21.0,0.4959,0.4365,45800.0,24539.0,13629.0,8409.0,4382
365,Emory University,Atlanta,GA,6776,0.6606479023,0.33935209769999997,0.0386,20.0,0.2204,0.9091,66000.0,56041.0,65080.0,13945.0,26725
366,Salem State University,Salem,MA,6776,0.6470921986,0.3529078014,0.1989,22.0,0.8191,0.5213,43500.0,43677.0,23828.0,9003.0,8642
367,Chapman University,Orange,CA,6740,0.6474741988,0.3525258012,0.0252,19.0,0.5724,0.7905,54500.0,79694.0,66430.0,11552.0,29574
368,The University of Texas at Tyler,Tyler,TX,6699,0.599025974,0.400974026,0.2917,24.0,0.6499,0.4241,44200.0,33582.0,20118.0,8186.0,6095
369,University of Arkansas at Little Rock,Little Rock,AR,6677,0.6464909992,0.35350900080000003,0.3291,25.0,0.7463,0.3199,34900.0,27239.0,21377.0,7425.0,5808
370,Brown University,Providence,RI,6670,0.5403780069,0.45962199309999996,0.0089,19.0,0.0849,0.9514,67500.0,82670.0,68106.0,15276.0,36238
371,Northern Michigan University,Marquette,MI,6635,0.5367847411,0.46321525890000004,0.1235,20.0,0.7437,0.4904,35500.0,55241.0,20692.0,8278.0,8752
372,Jacksonville State University,Jacksonville,AL,6622,0.5886792453,0.41132075469999996,0.1605,22.0,0.5402,0.3721,35800.0,35734.0,20890.0,6960.0,6700
373,State University of New York at New Paltz,New Paltz,NY,6616,0.6354439865,0.3645560135,0.0811,21.0,0.443,0.7229,45000.0,48878.0,22972.0,6974.0,6386
374,Millersville University of Pennsylvania,Millersville,PA,6613,0.568294823,0.431705177,0.1148,21.0,0.7949,0.6155,43500.0,66601.0,25898.0,10033.0,9571
375,Middle Georgia State University,Macon,GA,6609,0.5888059701,0.4111940299,0.2728,22.0,0.9397,,31500.0,27992.0,14618.0,5818.0,3543
376,University of Massachusetts-Dartmouth,North Dartmouth,MA,6559,0.5080886759,0.49191132410000005,0.1556,21.0,0.8427,0.4847,48200.0,49153.0,26536.0,10844.0,10143
377,California State University-Monterey Bay,Seaside,CA,6557,0.6709870389,0.3290129611,0.1975,23.0,0.532,0.6016,44800.0,28759.0,20834.0,9383.0,5349
378,Duke University,Durham,NC,6552,0.5465505693,0.4534494307,0.0037,21.0,0.0986,0.9535,84400.0,61560.0,69169.0,15844.0,31235
379,Indiana Wesleyan University-National & Global,Marion,IN,6549,0.7298892989,0.2701107011,0.7576,31.0,,0.5246,,35007.0,27850.0,7066.0,9920
380,Columbus State University,Columbus,GA,6474,0.631778058,0.368221942,0.279,23.0,0.534,0.3278,35900.0,32787.0,18559.0,6736.0,6610
381,Jackson State University,Jackson,MS,6467,0.6464781217,0.35352187830000004,0.2628,23.0,0.7173,0.3411,30000.0,21266.0,22397.0,7246.0,5545
382,Belmont University,Nashville,TN,6443,0.6539453326,0.3460546674,0.0613,20.0,0.8119,0.6962,44100.0,87507.0,48870.0,10694.0,24633
383,Carnegie Mellon University,Pittsburgh,PA,6434,0.4725363489,0.5274636510999999,0.0165,19.0,0.222,0.8884,83600.0,91372.0,67980.0,11852.0,39806
384,Southern Methodist University,Dallas,TX,6427,0.5095367847,0.49046321530000003,0.0321,20.0,0.4877,0.8054,60700.0,67697.0,69358.0,12582.0,29021
385,Morgan State University,Baltimore,MD,6426,0.5864635011,0.4135364989,0.1672,21.0,0.6372,0.3752,40500.0,36276.0,23774.0,8799.0,7306
386,Morehead State University,Morehead,KY,6410,0.6175595238,0.3824404762,0.1299,22.0,0.7962,0.4175,33100.0,35407.0,20507.0,6610.0,5057
387,Northeastern State University,Tahlequah,OK,6401,0.6183852434,0.3816147566,0.3547,24.0,0.9569,0.316,35800.0,30816.0,16337.0,6826.0,5361
388,Tennessee State University,Nashville,TN,6380,0.6611524676,0.3388475324,0.2103,22.0,,0.2879,35300.0,25504.0,19058.0,7310.0,6877
389,New Jersey City University,Jersey City,NJ,6359,0.6148720682,0.38512793180000005,0.3165,24.0,0.9185,0.3289,42700.0,23397.0,23239.0,10396.0,8037
390,SUNY Cortland,Cortland,NY,6333,0.5403552509,0.45964474909999997,0.0334,20.0,0.4793,0.7102,47000.0,72219.0,24199.0,6419.0,6085
391,University of Rochester,Rochester,NY,6320,0.5490993608,0.4509006392,0.0619,20.0,0.3421,0.8525,61200.0,62874.0,67722.0,12675.0,22633
392,Rensselaer Polytechnic Institute,Troy,NY,6314,0.3442307692,0.6557692308,0.0123,19.0,0.4317,0.8339,82000.0,96975.0,68244.0,12737.0,27347
393,University of Chicago,Chicago,IL,6298,0.5190615836,0.4809384164,0.0016,20.0,0.0873,0.9284,68100.0,47139.0,72717.0,18115.0,28508
394,Howard University,Washington,DC,6276,0.7177579365,0.28224206350000003,0.0417,20.0,0.4142,0.6336,49200.0,40386.0,41488.0,7161.0,17474
395,Loyola Marymount University,Los Angeles,CA,6257,0.5991213619,0.4008786381,0.0246,20.0,0.5248,0.7911,61300.0,69000.0,62119.0,11411.0,32229
396,College of William and Mary,Williamsburg,VA,6243,0.6071726439,0.39282735609999997,0.0148,19.0,0.3592,0.921,58500.0,96498.0,35991.0,11189.0,20919
397,Berklee College of Music,Boston,MA,6197,0.3608673206,0.6391326794000001,0.1918,24.0,0.5252,0.6403,30300.0,50454.0,61210.0,9503.0,27351
398,University of South Dakota,Vermillion,SD,6171,0.6341711957,0.3658288043,0.1498,21.0,0.8691,0.5519,42000.0,64843.0,21224.0,7763.0,8302
399,University of Louisiana at Monroe,Monroe,LA,6121,0.6975505857,0.30244941430000005,0.103,21.0,0.7546,0.409,37500.0,33055.0,19162.0,7268.0,7978
400,University of St Thomas,Saint Paul,MN,6085,0.4880410023,0.5119589977,0.0444,20.0,0.8416,0.7685,56800.0,94928.0,52586.0,10446.0,20037
401,Inter American University of Puerto Rico-Metro,San Juan,PR,6060,0.574260995,0.42573900499999995,0.3155,24.0,0.562,0.3763,19800.0,13696.0,15638.0,4917.0,6565
402,Elon University,Elon,NC,6045,0.5799481417,0.4200518583,0.0051,19.0,0.6653,0.8377,51900.0,112797.0,47688.0,9190.0,29035
403,Mercy College,Dobbs Ferry,NY,6029,0.7047139831,0.2952860169,0.2987,23.0,0.7873,0.4303,39700.0,27173.0,29287.0,9216.0,15554
404,Ithaca College,Ithaca,NY,6021,0.5863058631,0.4136941369,0.0092,19.0,0.7052,0.7603,52300.0,92521.0,59873.0,8894.0,21627
405,East Stroudsburg University of Pennsylvania,East Stroudsburg,PA,5972,0.5718407386,0.42815926140000005,0.0952,21.0,0.8356,0.4814,44600.0,50096.0,21821.0,9596.0,8313
406,Armstrong State University,Savannah,GA,5965,0.6954863318,0.30451366820000003,0.2925,23.0,0.7962,0.3208,39900.0,33244.0,18876.0,6228.0,5760
407,McNeese State University,Lake Charles,LA,5956,0.6371179039,0.3628820961,0.1499,21.0,0.6224,0.4241,38200.0,35341.0,17675.0,6580.0,6261
408,North Carolina Central University,Durham,NC,5939,0.6721552485,0.32784475150000003,0.1858,22.0,0.8281,0.4389,32900.0,27183.0,21298.0,8178.0,6142
409,Duquesne University,Pittsburgh,PA,5930,0.6425811437,0.35741885630000003,0.0374,20.0,0.717,0.8032,58500.0,88633.0,50073.0,9159.0,22070
410,SUNY Oneonta,Oneonta,NY,5923,0.6084758942,0.39152410579999997,0.0241,20.0,0.5952,0.709,43400.0,72278.0,23348.0,6504.0,5521
411,University of New Orleans,New Orleans,LA,5917,0.5788849348,0.42111506519999997,0.263,22.0,0.5661,0.3228,37800.0,29218.0,18619.0,7762.0,8970
412,Georgia College & State University,Milledgeville,GA,5857,0.6411530815,0.35884691849999995,0.0232,20.0,0.7899,0.6603,40500.0,78447.0,27273.0,6958.0,8545
413,Michigan Technological University,Houghton,MI,5829,0.2774683544,0.7225316455999999,0.0389,19.0,0.7449,0.6652,66400.0,77439.0,27537.0,10187.0,14382
414,University of the Incarnate Word,San Antonio,TX,5807,0.6407207207,0.35927927930000003,0.3779,26.0,0.9385,0.5342,46500.0,36409.0,40826.0,8130.0,16818
415,University of Houston-Clear Lake,Houston,TX,5781,0.6814381271,0.31856187290000004,0.4824,27.0,0.7225,,47900.0,25351.0,22690.0,8909.0,9591
416,University of North Alabama,Florence,AL,5771,0.6013931889,0.39860681109999996,0.1087,21.0,0.7022,0.4454,37800.0,39436.0,18223.0,7567.0,6997
417,Albany State University,Albany,GA,5761,0.6648385131,0.3351614869,0.2697,23.0,,0.2233,32200.0,24458.0,16837.0,5914.0,4506
418,Clayton  State University,Morrow,GA,5754,0.7063328424,0.29366715759999995,0.3849,25.0,0.4179,0.3018,38800.0,24211.0,17102.0,6680.0,5108
419,University of Denver,Denver,CO,5753,0.6021798365,0.39782016350000005,0.0369,20.0,0.5805,0.7512,56500.0,80202.0,61824.0,10704.0,27214
420,Yale University,New Haven,CT,5742,0.5006839945,0.4993160055,0.0059,19.0,0.0693,0.974,83200.0,44004.0,68950.0,17517.0,17934
421,Angelo State University,San Angelo,TX,5726,0.5607034156,0.43929658439999997,0.0696,21.0,0.7359,0.3658,40200.0,41570.0,18789.0,7169.0,6313
422,Seton Hall University,South Orange,NJ,5717,0.5415606446,0.4584393554,0.0568,20.0,0.7316,0.6714,57200.0,63427.0,53433.0,9493.0,23079
423,Texas A & M University-Kingsville,Kingsville,TX,5694,0.5565967941,0.44340320590000004,0.1133,23.0,0.8413,0.3474,42600.0,28201.0,21006.0,7668.0,6792
424,Embry-Riddle Aeronautical University-Daytona Beach,Daytona Beach,FL,5689,0.1816434407,0.8183565593,0.099,25.0,0.7491,0.591,66200.0,38662.0,50570.0,9458.0,29063
425,University of San Diego,San Diego,CA,5677,0.5730088496,0.4269911504,0.0497,20.0,0.4979,0.8175,60000.0,70085.0,62710.0,12291.0,29280
426,Touro College,New York,NY,5670,0.742979848,0.25702015199999995,0.4129,26.0,0.7437,0.5708,30400.0,24128.0,29744.0,7500.0,14784
427,University of Michigan-Flint,Flint,MI,5669,0.6531165312,0.3468834688,0.329,25.0,0.6512,0.4405,40600.0,32758.0,19013.0,8556.0,10998
428,Bellevue University,Bellevue,NE,5665,0.5948446794,0.40515532060000004,0.7643,31.0,,0.1667,53600.0,33599.0,16865.0,5696.0,11409
429,Johns Hopkins University,Baltimore,MD,5663,0.517218543,0.48278145699999997,0.0516,21.0,0.1254,0.9268,73200.0,79479.0,67603.0,13055.0,25523
430,Azusa Pacific University,Azusa,CA,5560,0.7258883249,0.2741116751,0.1206,26.0,0.6012,0.6681,51100.0,44669.0,49911.0,8201.0,18252
431,Strayer University-Global Region,Washington,DC,5543,0.7508344853,0.24916551470000003,0.8456,33.0,,0.0,45900.0,18178.0,27744.0,7123.0,13087
432,Strayer University-Georgia,Atlanta,GA,5529,0.7508344853,0.24916551470000003,0.8495,33.0,,0.2857,45900.0,18178.0,27744.0,6234.0,12582
433,SUNY College at Geneseo,Geneseo,NY,5522,0.6189759036,0.3810240964,0.016,19.0,0.7236,0.7736,48800.0,77511.0,23769.0,7297.0,6165
434,The University of Tennessee-Martin,Martin,TN,5522,0.6175869121,0.38241308789999995,0.1761,22.0,0.6151,0.5023,36200.0,35300.0,19666.0,7141.0,5456
435,University of Wisconsin-River Falls,River Falls,WI,5515,0.6388333999,0.3611666001,0.0953,21.0,0.7452,0.5291,40900.0,69526.0,18201.0,7481.0,6323
436,University of Wisconsin-Green Bay,Green Bay,WI,5503,0.6803966438,0.3196033562,0.2295,24.0,0.7553,0.5109,40800.0,53209.0,18302.0,6732.0,5115
437,Sacred Heart University,Fairfield,CT,5496,0.6625905797,0.3374094203,0.0882,20.0,0.6028,0.7245,56000.0,106612.0,55572.0,8990.0,21862
438,Tufts University,Medford,MA,5492,0.4582417582,0.5417582418,0.0125,19.0,0.1491,0.9323,75800.0,85929.0,68051.0,12131.0,32313
439,Santa Clara University,Santa Clara,CA,5481,0.5423387097,0.4576612903,0.0109,20.0,0.5356,0.8977,72600.0,97113.0,65334.0,12527.0,31144
440,Shippensburg University of Pennsylvania,Shippensburg,PA,5464,0.5271791573,0.4728208427,0.0578,20.0,0.8355,0.5152,45000.0,65945.0,25885.0,10308.0,8715
441,University of Arkansas-Fort Smith,Fort Smith,AR,5455,0.5636766334,0.43632336660000004,0.2196,22.0,,0.2982,31000.0,29173.0,16554.0,6848.0,3239
442,California University of Pennsylvania,California,PA,5435,0.566749844,0.43325015600000005,0.2368,23.0,0.961,0.5157,41600.0,46425.0,24526.0,10126.0,8920
443,Missouri Southern State University,Joplin,MO,5426,0.6070256074,0.3929743926,0.2451,23.0,0.9508,0.3319,33300.0,33600.0,14467.0,5934.0,3035
444,Monroe College,Bronx,NY,5417,0.6136854742,0.38631452580000003,0.3177,23.0,0.5222,0.5306,30300.0,19090.0,22661.0,5821.0,11694
445,Marist College,Poughkeepsie,NY,5404,0.601010101,0.39898989900000004,0.0549,20.0,0.4262,0.8365,56900.0,107457.0,52122.0,9234.0,23192
446,Nicholls State University,Thibodaux,LA,5401,0.6346546792,0.36534532080000004,0.1567,21.0,0.9374,0.4679,37500.0,36747.0,18874.0,5924.0,6330
447,Texas A&M University-San Antonio,San Antonio,TX,5376,0.6667575675,0.33324243249999996,0.4929,29.0,0.3464,,,24268.0,12926.0,7479.0,6526
448,Westfield State University,Westfield,MA,5375,0.5586770982,0.4413229018,0.1212,21.0,0.8525,0.6504,46100.0,63176.0,21684.0,9511.0,8069
449,Rutgers University-Camden,Camden,NJ,5360,0.5539444444,0.4460555556,0.3044,21.0,0.6933,0.58,57900.0,43359.0,25427.0,11272.0,13394
450,Pittsburg State University,Pittsburg,KS,5340,0.5119899032,0.48801009679999996,0.1118,21.0,0.8721,0.4721,39400.0,49467.0,17748.0,7155.0,5370
451,University of Washington-Bothell Campus,Bothell,WA,5329,0.5746355424,0.42536445759999997,0.2017,22.0,0.8011,0.6362,57700.0,39205.0,21568.0,10695.0,3240
452,Midwestern State University,Wichita Falls,TX,5329,0.5839070568,0.4160929432,0.251,23.0,0.814,0.4455,41100.0,41159.0,18028.0,7698.0,6635
453,Ramapo College of New Jersey,Mahwah,NJ,5314,0.5596590909,0.4403409091,0.1196,21.0,0.5736,0.7402,53200.0,68011.0,28355.0,10333.0,10166
454,University of North Carolina at Pembroke,Pembroke,NC,5308,0.606557377,0.393442623,0.2313,22.0,0.8074,0.3972,34400.0,31200.0,18592.0,7347.0,4469
455,SUNY College at Plattsburgh,Plattsburgh,NY,5272,0.5880412371,0.4119587629,0.1007,21.0,0.529,0.6257,42400.0,50769.0,23333.0,6844.0,5485
456,University of Southern Maine,Portland,ME,5248,0.6078147612,0.3921852388,0.2885,23.0,0.8348,0.3293,38700.0,35814.0,19306.0,8797.0,7910
457,Princeton University,Princeton,NJ,5246,0.5136436597,0.48635634029999997,0.0039,19.0,0.0641,0.9731,74700.0,37036.0,63690.0,17519.0,13216
458,Truman State University,Kirksville,MO,5241,0.599009901,0.40099009900000004,0.0156,19.0,0.6749,0.7489,44500.0,70948.0,20633.0,7046.0,4888
459,Pontifical Catholic University of Puerto Rico-Ponce,Ponce,PR,5239,0.5843023256,0.41569767440000005,0.1019,21.0,0.9264,0.3916,18500.0,10990.0,14956.0,4143.0,5458
460,Adelphi University,Garden City,NY,5162,0.7211120765,0.2788879235,0.1096,21.0,0.7312,0.6752,58500.0,51854.0,48521.0,12223.0,23797
461,University of South Carolina-Upstate,Spartanburg,SC,5149,0.6846673095,0.3153326905,0.1903,23.0,0.5784,0.4328,36900.0,37445.0,22583.0,6837.0,6705
462,University of New Haven,West Haven,CT,5147,0.575202386,0.42479761400000005,0.0813,20.0,0.8776,0.6033,52100.0,75313.0,53489.0,10252.0,20351
463,Southern University and A & M College,Baton Rouge,LA,5137,0.6367601246,0.3632398754,0.1404,21.0,0.4547,0.29,34700.0,23466.0,22328.0,7136.0,4553
464,University of La Verne,La Verne,CA,5120,0.6243868255,0.3756131745,0.4371,26.0,0.4754,0.6627,49200.0,35393.0,52724.0,9079.0,19899
465,Gonzaga University,Spokane,WA,5119,0.5262440354,0.4737559646,0.0196,19.0,0.6485,0.8726,56100.0,110000.0,55181.0,9376.0,20947
466,Bowie State University,Bowie,MD,5107,0.6363636364,0.36363636359999996,0.1893,22.0,0.36,0.3962,45800.0,36428.0,20911.0,8561.0,5158
467,Wake Forest University,Winston-Salem,NC,5101,0.5077720207,0.49222797929999995,0.0022,19.0,0.2757,0.8824,63800.0,94263.0,66440.0,11795.0,32036
468,Northwest Missouri State University,Maryville,MO,5065,0.6122856003,0.3877143997,0.0459,20.0,0.7411,0.4978,40000.0,56470.0,18876.0,6908.0,7040
469,Lehigh University,Bethlehem,PA,5057,0.4475357711,0.5524642289,0.0045,20.0,0.2515,0.8579,81900.0,90738.0,62921.0,13272.0,28732
470,Saint Joseph's University,Philadelphia,PA,5040,0.5929844098,0.4070155902,0.0649,21.0,0.7718,0.8196,59600.0,108285.0,59039.0,10359.0,22646
471,Worcester State University,Worcester,MA,5035,0.5930918281,0.40690817189999995,0.2126,22.0,0.7633,0.5544,48200.0,54212.0,20920.0,8871.0,6658
472,Davenport University,Grand Rapids,MI,5030,0.5626198083,0.4373801917,0.4549,26.0,0.8192,0.4437,30700.0,34920.0,27536.0,6685.0,17962
473,Case Western Reserve University,Cleveland,OH,5020,0.472095151,0.527904849,0.02,19.0,0.3312,0.8257,74600.0,94000.0,63216.0,11400.0,25887
474,Augusta University,Augusta,GA,4978,0.673245614,0.32675438599999995,0.1967,22.0,0.7459,0.2734,62300.0,37793.0,17946.0,8271.0,11421
475,Suffolk University,Boston,MA,4952,0.6008383791,0.39916162089999996,0.0592,20.0,0.8355,0.6024,53100.0,62281.0,51164.0,11747.0,24023
476,Christopher Newport University,Newport News,VA,4950,0.5952380952,0.40476190479999996,0.0123,19.0,0.7239,0.7454,46900.0,97520.0,28394.0,8526.0,7726
477,Washburn University,Topeka,KS,4926,0.5912248629,0.4087751371,0.2014,24.0,,0.3887,40300.0,36446.0,18777.0,7395.0,6197
478,Colorado Christian University,Lakewood,CO,4918,0.7275913871,0.27240861289999996,0.4889,33.0,,0.5017,39300.0,29376.0,42276.0,6155.0,12618
479,University of Alaska Fairbanks,Fairbanks,AK,4910,0.5940482875,0.40595171249999995,0.452,25.0,0.767,0.3018,38700.0,35967.0,17168.0,9617.0,7960
480,Western Connecticut State University,Danbury,CT,4890,0.5140747577,0.4859252423,0.1692,21.0,0.7083,0.4389,45200.0,49923.0,22636.0,9040.0,8877
481,Eastern Illinois University,Charleston,IL,4877,0.6065640194,0.39343598059999996,0.1275,21.0,0.5151,0.5632,42200.0,39153.0,23148.0,8317.0,7060
482,University of Hartford,West Hartford,CT,4835,0.5671210244,0.4328789756,0.0799,20.0,0.8089,0.596,47800.0,70000.0,52365.0,7841.0,17473
483,Minnesota State University Moorhead,Moorhead,MN,4834,0.5961895911,0.4038104089,0.183,22.0,0.6039,0.4632,40600.0,64366.0,20067.0,8817.0,5783
484,Alabama A & M University,Normal,AL,4824,0.5640301318,0.43596986820000005,0.0758,20.0,0.9027,0.2396,31000.0,23553.0,22886.0,6983.0,9227
485,Fayetteville State University,Fayetteville,NC,4817,0.6982674076,0.30173259240000005,0.3987,26.0,0.6756,0.3292,31200.0,23815.0,15463.0,8611.0,3269
486,Indiana University-South Bend,South Bend,IN,4790,0.6282157676,0.3717842324,0.225,22.0,0.7771,0.2924,34900.0,40867.0,15373.0,6257.0,6169
487,Southeastern University,Lakeland,FL,4786,0.5587135378,0.4412864622,0.1423,23.0,0.535,0.3996,34800.0,39372.0,35123.0,7384.0,11145
488,Colorado School of Mines,Golden,CO,4751,0.2837489252,0.7162510747999999,0.0604,20.0,0.5572,0.7804,84900.0,95766.0,32347.0,11405.0,21008
489,Western Oregon University,Monmouth,OR,4747,0.6297624384,0.3702375616,0.1532,22.0,0.8059,0.4351,39700.0,41710.0,22675.0,6705.0,6681
490,Indiana University-Southeast,New Albany,IN,4722,0.6458863444,0.35411365559999997,0.2604,22.0,0.8275,0.3191,37900.0,36062.0,16305.0,6831.0,6087
491,Winthrop University,Rock Hill,SC,4710,0.6854460094,0.3145539906,0.0726,20.0,0.7339,0.5707,35900.0,42330.0,27110.0,7663.0,8523
492,Mercer University,Macon,GA,4708,0.6638943249,0.3361056751,0.2661,25.0,0.7326,0.6383,48200.0,43171.0,50080.0,8441.0,17797
493,Inter American University of Puerto Rico-Ponce,Mercedita,PR,4690,0.582067322,0.417932678,0.2244,23.0,0.592,0.3975,19800.0,11802.0,10605.0,4358.0,4950
494,Monmouth University,West Long Branch,NJ,4683,0.5947441217,0.4052558783,0.0368,20.0,0.7394,0.7044,50500.0,73885.0,51012.0,8902.0,22913
495,Eastern Connecticut State University,Willimantic,CT,4669,0.5811784655,0.41882153450000004,0.094,21.0,0.6581,0.5446,46400.0,61960.0,24642.0,8615.0,6875
496,Bradley University,Peoria,IL,4643,0.5298850575,0.47011494249999997,0.029,20.0,0.7137,0.7268,53600.0,79479.0,45148.0,8740.0,17463
497,Norfolk State University,Norfolk,VA,4641,0.6717408275,0.32825917250000003,0.2204,23.0,0.9013,0.4205,35800.0,26072.0,23992.0,8260.0,5297
498,Xavier University,Cincinnati,OH,4571,0.5684210526,0.4315789474,0.0609,20.0,0.7391,0.6924,51600.0,93802.0,50880.0,8694.0,17334
499,Winston-Salem State University,Winston-Salem,NC,4570,0.7022431259,0.29775687409999996,0.1922,22.0,0.6657,0.4938,33200.0,28551.0,19119.0,8218.0,4497
